WorkingHoursWife,WifeAge,EducationWife,WifeHourEarnings,WifeWage,WorkingHoursHusband,HusbandAge,EducationHusband,HusbandWage,EducationWifeMother,EducationWifeFather,UnemploymentRate,WifeExperience,FamilyIncome
1610,32,12,3.354,2.65,2708,34,12,4.0288,12,7,5,14,16310
1656,30,12,1.3889,2.65,2310,30,9,8.4416,7,7,11,5,21800
1980,35,12,4.5455,4.04,3072,40,12,3.5807,12,7,5,15,21040
456,34,12,1.0965,3.25,1920,53,10,3.5417,7,7,5,6,7300
1568,31,14,4.5918,3.6,2000,32,12,10,12,14,9.5,7,27300
2032,54,12,4.7421,4.7,1040,57,11,6.7106,14,7,7.5,33,19495
1440,37,16,8.3333,5.95,2670,37,12,3.4277,14,7,5,11,21152
1020,54,12,7.8431,9.98,4120,53,8,2.5485,3,3,5,35,18900
1458,48,12,2.1262,0,1995,52,4,4.2206,7,7,3,24,20405
1600,39,12,4.6875,4.15,2100,43,12,5.7143,7,7,5,21,20425
1969,33,12,4.063,4.3,2450,34,12,9.7959,12,3,5,15,32300
1960,42,11,4.5918,4.58,2375,47,14,8,14,7,5,14,28700
240,30,12,2.0833,0,2830,33,16,5.3004,16,16,5,0,15500
997,43,12,2.2668,3.5,3317,46,12,4.3413,10,10,7.5,14,16860
1848,43,10,3.6797,3.38,2024,45,17,10.87,7,7,7.5,6,31431
1224,35,11,1.3472,0,1694,38,12,9.1499,16,10,7.5,9,19180
1400,43,12,3.2143,4,2156,45,12,6.1224,10,7,7.5,20,18600
640,39,12,5.175,2.25,2250,40,12,6.1498,12,12,7.5,6,19151
2000,45,12,2,2.3,2024,51,11,6.917,7,7,5,23,18100
1324,35,12,7.5529,3.94,2123,40,10,4.7103,12,7,5,9,20300
2215,42,16,3.5052,3.3,4160,48,16,3.131,10,16,7.5,5,30419
1680,30,12,3.5714,3.8,2000,35,12,4,12,10,3,11,14090
1600,48,13,3.25,3.26,2420,52,17,7.2227,7,3,5,18,22679
800,45,12,3.25,2.2,1150,53,17,7.9652,7,7,11,15,12160
1955,31,12,2.1545,2.3,2024,31,12,4.0884,12,7,5,4,12487
660,43,17,3.7879,0,1904,43,17,14.181,16,14,9.5,21,29850
525,59,12,4,3.18,2448,53,16,6.5359,3,7,9.5,31,18100
1904,32,12,4.7269,6.07,2000,33,13,8.5,3,7,11,9,26000
1516,31,17,7.2559,6,2390,30,17,6.2762,12,12,5,7,26100
346,42,12,5.8671,6.39,1920,47,10,5.2083,12,12,9.5,7,17730
1040,50,11,1.5385,0,1840,53,10,2.7821,7,7,7.5,32,6719
732,59,16,2.459,2.5,3360,57,17,4.9107,3,3,14,11,18550
1880,36,13,5.8511,5.2,2284,35,13,5.8669,12,10,7.5,16,24600
1680,51,12,3.5714,3.29,1875,50,8,7.52,7,14,5,14,23100
2081,45,16,3.8068,4.19,2140,47,17,7.5449,12,12,5,27,24656
690,42,11,2.4638,0,1896,44,8,5.538,10,3,7.5,0,15897
4210,46,12,2.3753,4.63,1040,49,16,6.9231,3,3,11,17,20320
2205,46,10,4.5351,4.55,2200,52,12,5,10,3,11,28,21384
1952,51,14,5.6183,5.6,1952,58,12,7.3064,7,7,14,24,25561
1302,30,17,14.631,9.53,1560,30,17,11.218,14,17,5,11,36550
112,30,12,2.6786,0,4030,33,16,3.8462,12,12,3,1,15810
893,57,12,3.9194,3.5,2570,58,12,5.8366,9,9,7.5,14,25500
583,31,16,2.5729,9.98,1530,34,16,13.725,14,16,9.5,6,24000
480,48,12,4.5375,4.65,3149,48,8,6.3493,3,3,5,10,22172
1900,30,12,2,2.23,2690,32,12,5.2528,12,7,5,6,17930
576,34,12,3.4722,3.84,3096,33,12,1.3075,12,7,3,4,7000
2056,48,16,2.0161,0,2552,53,16,2.7998,14,16,5,10,25300
1984,45,12,4.5716,4.82,2040,47,11,2.6961,10,10,11,22,16212
2640,51,12,2.2727,0,2180,50,13,7.5688,7,7,3,16,22650
240,30,12,2.6375,0,1864,37,12,3.4077,12,7,14,6,6985
1173,46,12,2.2899,2.5,2068,46,12,6.5401,7,7,11,12,30000
3640,58,12,1.0989,0,2010,58,12,7.2139,7,3,9.5,32,18500
340,37,12,1.1765,0,2152,40,10,6.2732,12,7,5,15,16658
500,52,8,1.6,0,1496,54,11,5.8824,7,7,5,17,10300
1599,52,10,1.8762,2.8,2100,47,4,3.8095,7,3,7.5,34,11000
1830,31,16,4.0437,4.2,1960,35,14,6.3776,12,12,7.5,9,19900
1920,55,14,9.6354,8.75,1985,55,15,6.0453,7,7,14,37,32500
2052,34,17,8.0409,8.25,2020,33,17,8.8119,17,17,7.5,10,37300
2312,55,14,4.599,5.58,2178,56,16,8.8765,17,7,11,35,30018
196,39,12,2.1429,2.5,3684,39,12,3.342,12,7,14,6,12807
2500,40,14,4.4,5.5,5010,42,13,3.1836,14,3,7.5,19,39500
1980,43,12,3.5354,3.75,1880,47,12,6.9149,12,12,9.5,10,22050
1840,48,8,2.7174,4.8,1904,56,8,5.5147,7,7,14,11,15500
320,47,12,6.25,6.25,2083,47,12,5.2808,7,7,9.5,15,13810
419,41,12,11.933,6.3,2125,44,12,3.2,7,7,5,12,11950
1880,36,8,3.5931,3.75,1985,37,12,5.8791,12,12,7.5,12,19175
72,46,17,6.9444,0,2640,48,17,6.25,12,16,7.5,14,17900
120,34,12,2.9167,0,2070,51,8,7.4879,12,7,5,11,15850
1885,41,12,3.0769,2.9,2107,48,8,6.9767,7,7,5,9,27017
240,51,12,3.75,0,2250,54,10,8,12,7,5,24,18900
1729,33,12,5.7259,4.76,2880,34,16,4.1319,12,12,7.5,12,21800
1850,52,12,3.6757,3.4,1848,53,12,14.476,10,10,7.5,13,33552
2033,58,9,5.1648,4.32,1927,53,7,5.7343,7,9,7.5,29,22650
608,34,10,8.2237,3,1304,38,9,3.3742,0,0,7.5,11,15200
1153,31,12,4.3365,4.52,3000,35,12,1.8333,7,10,7.5,13,13120
2208,48,12,4.9819,5.31,1892,52,12,5.6025,12,14,5,19,21660
252,32,12,0.3571,0,3644,32,12,4.2975,7,7,3,2,18190
337,49,17,2.9674,0,1430,47,17,3.9161,3,3,14,24,9600
90,32,15,1,0,2350,31,14,4.8787,10,12,7.5,9,13755
1174,58,12,2.5554,4.87,1948,59,16,9.2402,7,12,7.5,6,35350
372,50,6,0.8602,2.25,1804,42,12,6.6519,12,7,7.5,22,12405
30,60,14,1,0,2326,51,12,4.6217,12,17,9.5,30,12180
1800,50,12,2.9261,0,1739,55,11,9.9741,7,3,7.5,10,22962
282,56,14,3.5461,2.5,1176,57,17,20.918,7,7,9.5,6,25700
720,51,9,1.6264,2.2,1100,55,8,1.94,7,7,3,29,3305
1440,54,17,8.3333,6,1528,58,17,8.8351,7,12,5,29,32950
2100,59,13,3.0952,2.95,2250,52,15,4.6667,7,7,5,36,17000
1000,46,9,2.7,2.35,1927,47,10,5.1894,7,7,5,19,13250
952,46,15,5.2521,0,2414,47,16,18.724,7,12,5,8,50750
1413,39,12,1.4154,2.2,768,49,8,10.417,10,10,14,13,15632
2100,44,12,4.7986,4.85,1984,43,14,8.8458,7,0,11,16,28316
120,33,12,1.6667,2.37,2246,36,12,7.569,12,12,9.5,11,17290
3000,33,12,1.1217,0,3024,30,17,4.4507,10,10,7.5,15,33600
1000,48,12,0.5,0,2921,52,12,9.3204,12,7,9,6,29200
336,31,12,0.7143,0,2045,37,17,9.1687,7,7,11,13,19870
1216,45,12,2.7961,2.9,1928,44,12,6.4834,7,7,11,22,16225
988,45,12,4.8583,4.5,1920,44,10,7.8125,7,3,5,24,28600
2581,32,13,1.7435,2.6,2280,37,17,11.404,14,12,7.5,2,30800
2030,47,12,2.4631,2.8,2300,47,17,5.087,7,7,3,6,25700
413,34,13,2.4213,3,2480,35,13,6.9758,12,12,3,2,27000
782,37,12,1.5345,2.3,1135,34,10,5.2863,12,7,9.5,2,12077
1388,36,12,2.8818,1.87,1384,39,12,11.562,7,7,11,14,29612
1450,47,12,2.4069,3,1848,50,14,8.6061,7,10,9.5,9,24479
1720,48,16,5.2326,4.68,2499,46,17,12.805,14,14,7.5,11,79750
800,42,12,3.75,2.5,2390,43,12,6.6946,12,7,11,9,20050
360,33,13,1.3889,0,2400,44,14,8.3333,10,12,11,6,21500
2000,46,11,4,4.61,1920,53,8,4.1667,7,7,5,19,16120
1176,47,12,3.2313,3.35,2301,48,13,5.4759,7,7,9.5,26,24686
2058,44,12,3.4014,3.8,1944,43,10,5.144,7,10,9.5,19,24669
900,36,12,1.3333,2.2,2100,37,17,11.667,7,7,7.5,3,26400
215,31,17,9.3023,9.98,1920,32,16,7.2917,12,12,7.5,7,16245
2000,55,14,4.5,4.37,2880,55,14,4.8611,7,7,9.5,28,23300
757,45,16,4.6235,4.5,1932,48,16,12.164,12,7,9.5,13,27200
1264,47,17,3.9557,0,3234,48,17,10.823,10,17,9.5,9,51000
2064,46,12,5.814,6,2805,47,12,12.478,10,7,14,15,55000
1280,49,11,0.5,0,2272,52,9,6.162,7,7,7.5,20,15389
1715,49,12,4.0816,3.75,2227,52,14,7.1846,7,7,9.5,29,23150
2000,45,12,6,4.95,1720,49,6,7.093,7,10,14,9,29774
12,38,17,3.6667,0,2300,38,13,17.826,12,10,14,1,91044
1528,47,10,3.8613,2.95,3410,50,12,6.393,7,12,14,8,28200
561,54,13,2.7629,2.53,2304,57,16,11.719,7,7,9.5,19,36150
2058,41,11,2.931,2.9,1984,42,12,4.7883,12,12,7.5,23,15652
1823,43,12,4.3884,4.2,1890,33,14,4.2328,14,7,11,3,18900
1680,31,16,5.4167,4.7,1970,32,12,7.1066,12,10,7.5,13,23600
1440,47,17,9.8611,7.1,2400,46,12,8.3333,7,7,7.5,8,36200
4950,35,12,0.1616,2.75,2504,37,12,6.9888,10,10,7.5,17,18700
1176,45,16,0.3826,3.75,2398,48,17,9.5913,7,7,11,4,24125
1100,33,12,3.6364,3.58,1960,39,12,6.0204,7,7,7.5,15,15800
1516,54,16,2.3747,2.4,2550,55,12,2.9686,12,7,3,11,19742
900,35,8,4.6667,3.95,2500,41,12,7,10,7,9.5,7,22600
1080,31,12,1.8519,2.25,2164,37,10,7.1627,7,7,7.5,0,17500
480,55,12,5.2,0,2640,60,12,4.7364,7,7,7.5,0,19820
288,34,12,3.2986,4.62,1936,36,12,8.781,12,16,11,10,20155
1875,38,13,8.5333,8.5,2136,41,12,9.8315,10,12,7.5,8,37300
630,45,11,2.0635,0,1955,51,10,6.6496,7,7,7.5,2,24860
234,47,12,2.5641,2.5,1980,48,10,9.8485,12,3,7.5,4,21450
1600,39,12,2.1875,0,2550,42,11,9.8039,7,7,5,6,29650
960,36,14,6.25,0,2058,37,13,8.2604,7,7,11,18,23000
120,33,12,3.3333,0,2263,32,14,9.0676,7,7,9,3,21120
2025,50,12,4.4444,4.8,1763,54,13,8.5082,7,12,5,22,26000
1809,58,12,6.6335,6.45,2096,59,14,7.1565,3,7,7.5,33,28000
3087,49,17,8.4224,9.98,2059,47,13,7.0423,12,12,11,28,45500
910,41,14,4.3956,0,1820,40,17,6.5934,16,12,14,23,16000
1840,51,12,2.4457,2.5,2832,53,8,4.3457,7,14,11,27,18232
784,53,9,1.2245,2.25,1990,60,10,7.2362,3,7,14,11,28160
400,36,12,1.625,0,2000,40,7,1.74,12,7,11,6,5965
1000,46,12,3,5.5,1885,46,12,6.8966,7,7,9.5,11,19000
1904,36,12,4.7269,4.2,2860,37,12,5.0455,12,12,11,14,36872
1771,53,14,1.1293,9.98,1913,48,16,17.25,12,12,14,17,42000
1486,40,16,7.4024,6.25,1800,54,16,8.3333,16,14,11,17,26900
740,42,17,4.4595,1.65,2880,45,16,9.375,12,10,9,14,30800
1820,33,15,2.4725,0,1993,32,16,8.279,12,12,11,11,21520
1275,43,12,1.8824,3,2250,47,14,4.5,7,7,7.5,7,24795
450,31,16,4,4,2286,30,16,4.1995,14,16,14,8,12900
1221,47,17,8.19,5.99,1880,47,16,16.064,7,7,7.5,6,42700
1550,54,17,7.0968,6,2350,58,17,11.277,10,17,11,8,38800
180,33,12,1.6667,0,3640,33,11,0.5494,7,3,3,4,2500
2090,43,16,3.445,3.85,1770,47,14,9.548,14,10,11,25,26921
1960,46,13,4.2347,4.2,1875,49,13,5.3333,7,9,3,24,18300
1440,35,12,2.7778,4.1,2200,38,9,5.4545,7,7,14,11,17200
794,37,11,1.8892,3.85,2033,39,12,5.9026,12,3,9.5,19,14209
993,37,16,5.0352,8.3,2739,39,17,9.8576,12,16,14,9,32300
160,34,14,1.25,0,1626,38,14,11.685,17,12,7.5,19,21400
105,43,16,2.8571,0,2248,44,17,6.2278,7,7,9.5,14,14700
1200,46,12,4.1167,4.33,2140,48,12,9.1748,7,7,9.5,22,25516
450,35,9,1.7778,2.6,1985,42,12,6.2972,3,7,5,6,13300
996,46,17,13.554,9.98,1528,59,17,10.471,12,12,9.5,23,31000
1052,46,14,4.5627,4.9,1920,48,16,14.583,7,3,11,15,48800
1128,43,12,2.1277,2.4,1918,46,10,6.2143,7,7,14,6,15519
1840,30,12,2.9891,3.75,2112,30,12,6.6288,7,7,7.5,11,19500
1910,41,11,2.5654,2.57,2144,46,9,3.8246,3,7,5,2,14545
980,54,12,5.6122,5,1920,54,15,7.8125,7,7,14,22,22897
2317,31,12,2.8054,3.87,2241,41,9,3.4806,10,10,7.5,10,14300
1089,44,10,1.607,0,880,47,11,5.55,10,10,9.5,14,14884
800,32,12,2.25,0,2070,31,16,11.594,12,7,11,12,27400
1230,47,5,2.0325,2.82,1050,53,5,9.5238,7,12,14,9,16400
1158,46,17,5.532,8.1,2635,57,17,7.2805,14,17,7.5,13,25704
2272,37,11,1.5845,3.71,3000,47,8,3,10,10,7.5,18,12800
528,51,12,3.7879,0,2500,50,11,10.4,7,7,7.5,8,40000
1000,49,12,3,0,1990,49,12,10.05,7,7,14,11,47000
520,36,14,8.6538,0,2390,37,13,8.7866,10,12,9.5,9,25872
760,39,11,4.2105,3.95,1430,44,12,10.14,12,7,9.5,9,26868
1920,48,12,4.6875,4.3,1800,50,8,5,12,12,9.5,14,18000
1220,38,14,4.0984,4.84,2103,43,17,11.888,7,7,5,9,30200
200,40,12,25,3,1350,42,12,13.333,7,7,7.5,2,26220
2480,39,10,2.6331,4.2,2880,36,17,8.6806,7,7,3,12,40500
2750,37,16,6,9,2400,43,17,7.2917,12,7,7.5,15,33570
2014,49,13,5.4126,4.05,1135,47,12,3.5242,7,14,14,11,16917
1355,33,12,0.6642,1,2750,35,17,6.1818,12,7,9.5,7,18000
80,30,12,1.25,0,2085,32,16,2.9755,12,12,11,9,8337
1670,54,12,2.2754,2.1,2600,56,8,4.5769,12,7,9.5,19,17100
520,39,11,3.4615,3.05,3542,40,12,3.1056,10,7,11,11,17800
288,43,12,4.1667,3,1975,43,12,5.8228,12,12,14,8,13740
2014,31,9,4.4687,4.26,2400,32,12,7.5,10,3,9.5,13,27000
800,33,13,1.75,0,3000,37,14,8.3333,12,7,7.5,4,32600
1984,40,12,3.6694,4.25,1960,39,14,9.2347,12,12,14,7,28030
1823,36,12,6.5826,6,2000,39,9,5.5,12,12,3,19,23100
1500,51,12,2.6,2,3000,51,12,6,7,7,9.5,14,24580
2261,44,13,4.8651,5.5,2400,43,12,6.6667,12,7,9.5,14,29000
1728,42,16,5.787,6.25,2450,48,14,13.061,12,14,9.5,3,42430
1960,40,12,4.5408,5,2423,40,8,12.794,12,12,7.5,9,41800
1578,34,16,9.5057,7.72,2000,33,16,12,12,17,9.5,7,39100
1316,30,17,10.638,7,2526,41,16,6.73,16,17,11,7,31800
1530,54,12,1.1111,1.13,2695,53,12,6.679,7,7,14,14,22200
2220,51,12,4.0541,4.37,2048,54,12,4.3945,16,7,3,29,19500
1336,44,9,2.6871,2.64,1920,46,11,4.6875,7,10,11,19,14027
1008,43,12,2.9762,2.5,2338,42,9,7.6989,7,7,11,14,21195
1944,34,12,3.1728,3.23,2945,37,8,4.3287,10,7,7.5,16,19013
2000,45,13,3.55,3.45,2047,52,12,6.7416,12,7,11,10,20900
258,39,12,17.907,0,1668,47,7,9.3525,10,3,11,12,26820
1785,50,12,3.4174,5.75,175,48,10,9.1429,0,0,14,24,12800
480,52,12,3.3333,0,1798,53,12,2.6418,7,7,14,6,7850
772,41,12,3.886,7.5,1222,45,12,7.365,12,12,7.5,9,18600
900,59,10,2.3111,2.22,1820,59,7,1.4066,12,7,5,14,5380
1428,52,12,1.7108,2.5,1560,60,8,1.5192,10,7,14,26,6114
210,46,16,2.1143,4,2210,49,12,3.3439,12,12,14,7,8234
239,41,12,9.9331,4.5,2874,48,16,2.9106,3,7,11,4,20646
1878,33,11,3.0277,3.5,2499,35,8,4.3834,7,7,9.5,15,16640
215,45,12,1.8605,2.3,3088,38,12,4.2098,12,12,5,23,13900
2340,36,10,0.1282,0,2020,37,8,3.7129,10,7,7.5,1,11500
1960,48,12,6.6327,6.3,1980,56,10,10.606,7,7,14,29,34000
532,47,12,5.6391,3.6,1968,47,11,8.6382,7,3,11,9,28700
394,45,12,1.599,2.5,2100,45,12,3.8367,7,7,7.5,6,9563
675,37,12,2.6667,3,2651,48,17,7.1671,7,7,7.5,11,20960
1515,46,16,7.9208,6.8,1918,49,14,8.8634,12,10,14,17,38590
1030,43,17,5.3398,5.8,2585,46,16,7.7369,12,12,5,6,27900
1250,42,12,4,4,2250,46,17,9.1702,7,7,7.5,7,25633
1158,34,17,6.0449,5.1,2480,39,17,11.29,12,12,7.5,2,35200
112,52,12,6.25,0,2924,53,12,6.3269,7,7,7.5,24,29500
336,37,12,2.9762,2.2,1896,52,9,4.7468,10,7,7.5,4,10000
1984,37,12,4.2339,4.78,2332,40,12,4.8885,10,7,5,11,19800
716,52,8,3.4916,2.2,3482,59,7,2.4842,7,7,5,25,12900
1410,30,12,4.9645,1.28,2106,30,14,8.547,12,12,7.5,11,26080
1300,31,13,2.7692,0,1160,32,12,6.6379,17,7,11,2,13066
1640,38,12,3.6585,3.25,2040,46,12,3.1863,7,7,7.5,19,12500
1202,43,12,5.3935,0,2856,48,16,4.5466,7,7,9,7,35600
489,49,8,0.6564,2.29,950,51,8,12.789,7,7,5,2,19424
2076,55,12,4.7688,4.68,2068,58,10,6.528,7,7,5,20,26250
526,38,17,8.5551,4.2,1896,42,17,16.403,12,14,9.5,10,36525
1721,52,17,10.459,9.5,2000,56,16,7,14,17,14,19,34700
1327,48,12,2.6375,2.57,288,51,11,13.542,7,7,11,17,8311
584,32,13,6.8493,4.32,2160,33,12,6.713,12,10,11,12,28626
1376,32,12,5.0872,5,3120,33,17,5.4487,7,7,5,11,24400
1040,38,12,0.9615,0,1944,41,17,6.6872,7,7,7.5,6,14025
548,46,12,4.3066,3.69,2046,47,12,9.0943,16,12,14,10,21367
15,40,12,7.0667,0,2005,42,9,6.5337,7,7,7.5,4,14136
1980,31,9,2.5253,2.56,2070,36,10,4.686,10,7,5,2,19900
1520,43,10,7.8947,5,3000,50,12,8,12,9,9.5,13,37000
1880,51,12,4.1489,3.9,2640,51,12,4.053,7,7,7.5,21,18500
1260,30,16,8.1746,8.17,2450,34,17,8.1633,16,14,5,9,34550
1092,52,13,9.5971,0,1000,53,15,16.5,10,7,11,4,49620
1587,30,8,2.0164,2.3,2080,33,8,3.4615,3,3,7.5,2,10400
156,51,16,7.6218,0,2413,51,16,11.361,16,16,11,19,33000
1939,31,13,3.1975,3.43,2570,31,12,3.8911,7,3,7.5,4,16200
1250,34,12,1.6,1.36,2030,52,12,9.6059,12,16,7.5,9,22660
610,49,11,4.0984,4,4684,59,17,2.6687,7,7,7.5,14,16000
270,35,13,1.4815,5,2802,41,17,8.8865,7,16,9.5,6,25780
660,53,12,3.6364,3.15,2090,59,12,6.3636,7,12,7.5,24,20675
1000,32,12,1,0,2053,46,16,17.728,12,7,11,1,40213
1920,38,10,2.6042,2.93,1984,42,10,5.2923,12,7,7.5,13,15500
200,54,12,1.75,0,2040,54,16,15.686,7,12,9.5,3,35207
1500,47,17,4.8,3.6,2794,58,8,5.2423,10,12,11,10,35702
868,45,15,5.53,6,3290,47,14,3.0395,14,12,9.5,16,17800
2318,47,16,4.0984,4.2,1911,46,16,16.745,16,16,5,9,50900
2000,59,10,1.25,0,2000,60,12,3.75,7,7,5,19,17280
60,32,11,1.6667,0,2580,31,12,5.814,10,9,5,4,15150
1715,45,12,3.7901,3.38,2400,49,17,10.833,7,7,7.5,10,36200
550,40,12,2.3636,2.26,1740,47,12,9.0029,14,12,5,5,17465
1960,47,14,10.204,0,2500,50,12,6.54,14,12,3,7,45205
44,36,16,6.8182,1.36,1840,37,17,5.9783,12,10,5,3,14500
1920,56,14,7.2146,6.92,2036,56,14,8.6248,7,7,7.5,38,32011
2540,41,8,2.4484,0,3536,43,11,4.8329,7,12,9.5,16,35200
156,48,7,1.1987,0,880,51,11,10.909,3,7,11,13,13579
780,36,12,1.641,0,2007,38,12,3.8864,7,7,11,1,10455
3120,41,12,1.7821,0,2632,44,13,8.4574,7,3,5,7,32600
2040,41,14,2.9412,2.8,2600,43,12,5,7,10,11,15,19150
1610,36,12,4.9689,4.25,2156,36,13,7.4212,12,17,9.5,10,24400
215,37,12,1.8605,0,3625,41,12,4.4938,10,7,3,2,21700
1120,38,12,8.0357,0,2420,42,12,7.0252,7,3,9.5,19,26201
846,43,14,3.9716,4.2,2080,43,9,3.2788,3,3,7.5,25,11920
3225,54,16,3.0416,0,3443,59,17,1.2861,12,12,9.5,25,16300
1376,38,12,2.907,3.75,2250,41,12,5.5556,7,7,5,7,16500
980,30,12,3.0612,3.6,2535,34,16,7.4951,12,7,11,15,30000
1838,49,12,4.8966,5,2352,48,15,22.109,7,7,9.5,11,62500
1494,45,13,4.0161,2.5,3036,49,6,9.058,10,10,9.5,25,58500
450,51,13,5.5556,3.5,2600,57,14,11.538,7,7,9.5,19,40900
1976,34,10,1.2227,2.45,2223,39,7,6.0468,0,10,7.5,4,16308
2012,34,12,2.6839,3.61,2666,34,10,1.3653,7,7,7.5,14,9300
561,41,12,2.6738,3.25,2006,41,17,16.55,10,9,7.5,19,35700
1715,49,12,9.3294,7.05,1710,49,17,8.7719,9,9,11,18,35700
1912,32,12,3.1381,3.6,1920,46,14,9.6354,12,12,5,14,24500
3686,32,14,0.5426,0,1647,39,14,6.6788,12,12,7.5,11,13000
1080,32,17,8.6111,4.65,3080,35,15,7.5727,12,12,5,4,52600
1799,47,10,3.6687,3.25,1920,48,10,7.8125,3,7,7.5,29,25360
1984,39,9,2.3185,2.3,2420,47,4,1.9835,9,9,7.5,21,9400
1839,49,12,2.882,3.27,2205,53,15,9.5238,12,12,11,24,26800
1579,37,12,3.1666,0,3035,39,14,6.425,12,7,7.5,19,33040
96,59,16,3.6458,0,2185,60,15,10.984,14,12,7.5,31,26350
1920,50,12,6.25,5.47,1880,56,12,12.766,7,7,14,28,39000
1688,32,17,10.249,9.8,1863,33,17,9.5545,12,12,9.5,15,35100
1589,46,12,3.2096,5.54,2456,48,16,5.4967,12,12,11,27,22502
345,43,17,7.6522,5,1847,46,17,9.7618,12,14,14,13,21950
1521,37,11,1.9724,2.3,2000,42,6,5,7,7,7.5,4,13000
1490,32,16,4.698,3.9,1856,35,14,5.9995,12,14,9,10,18180
989,39,11,2.1234,2.76,1880,43,14,6.9149,10,10,9,8,20957
600,34,13,2.3333,2.9,3020,35,12,4.9669,12,12,7.5,4,13700
2646,39,11,2.3896,0,2646,41,8,2.3896,7,7,5,18,20000
2149,45,8,1.2564,2.5,1640,48,9,4.5122,7,7,5,3,12260
320,50,11,1.0938,0,1950,54,11,9.2308,3,12,7.5,11,24850
1600,40,12,3.75,3.3,1920,39,12,11.458,12,7,7.5,8,29150
2419,30,10,3.3072,3.9,2025,34,12,7.6993,7,7,11,10,23591
2005,57,17,5.1352,5.25,2470,56,17,4.183,16,12,11,33,24717
1960,39,12,6.6327,3.6,1800,43,12,8.3333,12,12,9,19,30455
2147,53,12,4.5645,4.9,1920,56,8,5.1042,12,12,7.5,35,19600
1207,48,17,11.848,7.15,2039,53,17,8.2271,7,12,5,21,31875
2000,46,14,3.75,3.75,2570,48,16,5.6634,14,14,7.5,7,24055
1260,47,12,4.3651,4.35,1914,54,12,5.222,7,10,7.5,18,18795
90,43,12,3.9333,4,1516,47,10,7.19,7,7,7.5,4,12198
1800,47,12,3.3333,3.25,2520,47,16,13.907,12,7,7.5,12,52645
573,47,12,3.3159,2.2,2327,48,12,6.0163,10,7,14,16,16600
1825,47,12,3.5616,3,2188,50,12,7.6782,7,7,7.5,14,32590
75,46,12,1.6,0,1864,48,12,5.3112,3,7,7.5,3,10020
1348,34,9,2.2255,2.3,2183,33,10,4.1228,7,7,11,1,12048
1880,48,10,4.7872,4.25,1920,55,12,7.8125,7,7,11,27,39750
1240,30,12,5.8065,6.9,1824,31,12,4.6053,10,7,7.5,12,15700
848,51,12,2.3585,2.3,2878,54,12,3.9746,7,7,3,6,24250
150,52,12,2,0,2390,54,16,15.063,7,12,14,9,43210
2000,37,12,1.9,1.85,3120,39,13,4.5064,12,12,5,2,37100
1952,32,12,5.123,3.25,2040,33,12,5.8824,12,7,5,6,23820
1456,36,17,5.4945,6.04,2151,35,15,10.228,12,14,5,9,31600
1740,35,12,6.3218,5.5,1976,37,14,6.5789,10,10,7.5,16,24000
1400,45,17,7.1429,7.14,2286,51,16,8.8145,14,12,5,22,30750
2000,56,12,2.375,2.7,2032,60,10,2.9528,7,7,14,26,11050
1750,40,10,2.5429,2.74,1680,45,4,4.5173,7,7,14,11,12239
1101,45,12,2.1798,2.3,1560,49,14,5.1282,14,12,7.5,11,12870
2000,32,12,2.6,2.5,2895,30,12,4.1451,10,7,7.5,15,17200
1877,45,12,3.7294,3.6,1820,50,8,8.7912,10,10,7.5,13,23980
160,40,12,4.375,1.85,2450,44,12,7.3061,7,12,14,6,18600
1886,38,12,4.4433,4,1748,42,8,6.0069,7,10,9.5,20,23920
1446,49,12,4.2877,4.4,1020,45,12,8.3333,7,7,14,17,16084
1500,47,16,1.6667,1.5,2342,49,17,11.529,14,14,11,8,31100
860,52,13,3.2558,5.83,2250,53,12,6.6667,7,7,11,13,20460
1848,34,13,5.4113,6,2880,40,16,8.6806,12,12,7.5,15,36000
1678,44,12,2.205,2.3,2032,46,12,3.468,14,12,3,14,17302
160,36,16,4.0625,0,3120,42,16,3.0321,14,7,3,14,16450
108,50,17,0.6482,0,1760,57,16,13.807,14,16,9.5,6,41170
1738,45,12,5.3826,6.18,1725,47,12,6.2174,0,0,7.5,24,20130
1170,44,14,0.1709,0,2080,46,13,4.2308,16,12,9.5,10,9200
15,57,12,23.467,0,2040,57,10,11.47,7,7,11,2,24751
2088,35,17,9.5785,9.98,2940,42,17,12.245,12,17,9.5,9,57300
2490,46,12,3.6948,3.77,2280,52,12,9.2105,7,7,7.5,23,37200
135,30,14,2.2222,0,2164,35,16,6.3309,10,12,14,12,14000
1944,42,12,1.749,2.3,1999,44,12,7.8039,7,3,14,8,20610
690,34,12,1.1594,2.25,1824,36,13,7.6754,10,7,7.5,16,14800
608,45,17,6.9901,3,2182,47,16,15.582,10,14,14,10,40005
63,35,16,3.9683,0,2385,37,16,9.6436,14,7,14,7,23750
154,40,16,21.429,8.13,2460,44,17,12.886,7,12,14,19,35300
420,32,12,0.4762,2.85,2595,35,16,6.5511,12,12,7.5,2,17350
651,54,9,2.1505,1.44,2400,57,10,8.25,7,7,7.5,9,21650
675,38,12,1.8578,2.2,3120,42,8,1.3792,7,7,14,14,6740
1663,43,12,4.3295,3.6,2850,42,12,5.2632,12,14,5,9,32275
1680,54,16,8.9286,7,760,60,12,10.526,14,7,9.5,16,33220
180,39,14,2.7778,4,2500,37,17,10,12,12,7.5,7,26500
1581,37,12,2.6565,3.25,2630,39,14,12.548,7,12,5,6,38700
1200,46,12,2.5,3.08,2597,48,8,4.6207,7,7,5,22,15400
450,56,11,18.267,0,2760,60,11,1.854,7,7,3,9,19007
547,41,12,0.819,2,2070,44,8,7.4266,12,7,7.5,9,16771
300,45,16,2,0,2256,48,16,13.298,16,7,11,14,31100
975,44,17,15.385,8.5,1505,47,16,26.578,3,3,7.5,17,66300
1621,50,17,6.4775,0,2364,52,17,13.959,16,12,5,12,43550
300,37,14,8.3333,3.5,2895,38,14,13.126,7,7,11,13,37250
1868,44,12,4.5503,4.25,2041,46,12,7.8883,16,7,14,8,24900
1803,32,14,2.4958,1.9,2195,34,17,8.656,7,14,9.5,10,24200
2143,34,12,4.4797,4.8,1935,40,12,3.4109,10,10,14,16,16200
1080,32,10,2.2324,2.3,1950,35,10,4.6256,10,10,7.5,1,11431
1352,37,12,2.071,1.8,2375,38,14,4.2105,10,10,11,6,13200
537,44,13,1.676,0,1920,55,8,4.2708,10,10,9,4,15420
352,34,16,3.4091,0,3300,33,12,3.3424,12,12,14,8,18400
200,33,12,2.5,8,3680,33,16,8.6359,10,3,5,4,43500
2045,43,7,3.9609,4.07,1968,43,12,6.7581,7,7,7.5,15,21972
1253,35,16,6.2275,3.97,2504,33,10,0.5843,16,16,11,7,7774
1960,43,14,3.9286,3.85,2000,45,14,5.335,7,7,7.5,14,24470
2000,34,12,2.9,2.5,1656,37,12,4.7101,7,7,7.5,16,13600
1960,36,10,4.0816,4.55,1968,39,7,4.9797,7,0,7.5,15,22500
2000,41,12,2.85,4.2,2016,41,12,2.9762,7,7,14,23,13600
1568,41,16,7.0153,6.31,2602,44,17,12.744,7,7,7.5,19,90800
1225,35,10,2.9388,2.4,1560,43,9,3.8462,10,10,7.5,4,10776
780,32,12,1.9231,3.25,1827,37,10,7.2233,10,7,5,12,19007
480,30,14,6.875,0,2080,34,14,8.8077,12,12,14,12,23900
1923,43,12,3.9002,4.74,3390,47,12,5.3864,7,7,7.5,25,26060
2000,54,6,2,0,2524,57,6,3.6846,7,7,7.5,14,13300
2110,35,15,4.9763,4.37,2777,34,12,1.8437,7,7,7.5,14,15620
1664,50,12,1.2019,5,3120,54,13,1.3013,7,7,7.5,11,16500
48,34,17,22.5,0,2700,36,17,7.2222,14,16,5,7,20880
1791,52,14,6.8677,6.18,1904,57,12,7.3529,14,12,9.5,18,30600
1404,35,13,3.5613,5.3,2360,38,14,11.864,7,10,9,4,39000
1920,55,6,1.9792,2.58,1960,58,8,5.3327,7,7,7.5,37,15428
2141,35,16,5.3713,6,2000,42,16,5.5,7,7,7.5,13,23300
1720,49,14,1.7442,0,2600,45,16,7.2308,16,16,9.5,14,42100
3533,38,15,5.0948,8.5,2000,38,9,7,12,7,9.5,17,36430
2000,42,14,2.5,0,2218,45,14,7.2137,7,7,9.5,5,26000
800,48,8,3.825,2.3,2000,52,5,4.5,7,7,7.5,2,62060
3000,51,14,1,0,2595,53,16,8.8632,12,12,9.5,0,28300
293,43,12,3.0717,4,2400,47,12,9.3333,12,10,7.5,3,24149
1872,43,12,1.7163,0,2856,48,12,3.8263,12,10,7.5,21,28141
2058,38,12,4.0209,4,2601,38,14,5.4448,10,10,7.5,20,23057
1832,44,12,5.4585,4.95,2054,48,9,8.7634,3,7,7.5,19,28900
120,36,12,25,9.98,2500,35,12,8.4,12,10,9.5,4,24000
1632,38,12,2.3897,2.3,1960,31,12,5.102,12,12,7.5,19,13900
778,47,8,3.2134,7.25,2058,51,8,7.4101,12,12,5,11,31810
1984,34,12,3.377,3.14,2410,49,10,5.3527,7,7,7.5,14,19840
225,40,17,1.7778,0,1278,38,17,19.562,16,17,14,8,25490
1960,31,12,3.1633,3.18,2875,35,12,5.0783,12,12,7.5,13,20800
444,46,12,2.7027,0,2340,49,12,0.5128,10,16,7.5,24,2400
384,36,14,1.6927,0,3060,43,17,5.402,10,10,14,1,32650
1170,39,13,0.2137,0,1920,47,12,7.8646,12,16,11,1,16370
1330,36,17,6.7669,4.5,3390,38,12,6.0531,7,7,14,3,35500
1350,37,8,1.7407,2.1,2400,41,12,5,7,7,3,4,15100
480,39,12,2.5,0,1640,40,11,7.6829,7,9,3,21,14100
1984,36,11,4.4859,3.26,1656,38,8,6.0386,7,3,14,10,19600
1944,49,12,2.572,2.7,1920,53,16,5.851,7,7,5,13,19434
50,45,12,3.46,5,1780,46,10,6.7416,7,7,9.5,9,23882
460,32,17,4.7826,0,1850,31,17,8.1081,7,7,7.5,14,17300
680,36,10,2.3118,0,3430,43,12,5.3061,7,7,7.5,2,19772
2450,40,12,5.3061,6.5,2008,40,8,7.2709,7,7,5,21,35641
2144,43,13,5.8675,0,2140,43,11,8.1776,7,7,7.5,22,34220
1760,33,12,3.4091,3.21,3380,34,12,7.1006,12,16,11,14,30000
490,30,12,4.0816,2.46,2430,33,11,6.5844,12,12,7.5,7,18000
0,49,12,0,0,2550,54,15,7.8529,14,12,7.5,2,21025
0,30,16,0,0,1928,34,16,11.929,14,7,9.5,5,23600
0,30,12,0,0,1100,39,17,18,12,12,7.5,12,22800
0,41,12,0,0,3193,40,16,10.022,7,7,7.5,1,35910
0,45,12,0,0,2250,46,16,9.3333,7,7,5,12,21700
0,43,12,0,0,2012,44,13,6.085,7,7,7.5,4,21823
0,42,13,0,0,3856,46,15,5.7054,10,7,11,9,31000
0,60,12,0,0,1645,58,12,9.1185,7,7,7.5,9,15300
0,57,12,0,0,1554,57,12,7.2072,9,3,7.5,6,12925
0,38,10,0,0,2352,41,8,5.3146,12,7,5,5,15830
0,56,12,0,0,1980,58,12,8.2828,12,12,7.5,5,30200
0,32,12,0,0,2352,37,7,7.0578,10,7,5,8,16600
0,49,7,0,0,1784,58,6,6.1659,7,7,7.5,2,11000
0,55,12,0,0,2500,58,12,2.7,7,10,3,6,15000
0,36,9,0,0,2088,39,14,7.6628,7,7,11,0,20528
0,44,12,0,0,4640,50,12,1.8491,9,9,14,3,13126
0,44,10,0,0,3900,60,12,3.8462,7,14,7.5,7,15550
0,35,14,0,0,1988,34,17,9.0543,3,12,7.5,3,18010
0,44,14,0,0,1920,45,10,9.375,10,10,14,10,18874
0,45,12,0,0,2400,45,12,8.3333,12,12,14,3,24800
0,34,12,0,0,1867,38,12,9.3733,12,17,5,2,17500
0,30,17,0,0,3570,32,17,4.4818,12,12,7.5,12,16150
0,39,8,0,0,2805,44,12,5.3476,7,3,3,15,15189
0,36,12,0,0,1110,39,15,3.2027,7,7,14,5,6000
0,38,17,0,0,2695,42,16,12.801,10,12,9.5,4,37250
0,53,12,0,0,1950,54,16,6.9103,10,10,7.5,10,27760
0,36,12,0,0,2128,42,12,4.2293,7,7,3,1,9090
0,32,12,0,0,3260,31,12,4.4479,12,7,7.5,8,14500
0,51,9,0,0,1987,51,12,8.0523,7,7,14,20,19700
0,38,11,0,0,2185,46,11,7.5057,10,7,14,4,16788
0,33,12,0,0,2475,36,12,7.4747,10,10,11,7,18520
0,54,12,0,0,2610,53,12,6.3218,16,10,9.5,10,20950
0,38,9,0,0,1920,44,12,2.1354,7,3,11,3,7574
0,30,11,0,0,2352,31,14,4.2092,7,7,3,5,10027
0,34,12,0,0,3160,30,12,0.7595,12,12,7.5,10,5000
0,34,9,0,0,1040,37,13,4.8077,12,7,3,0,7040
0,50,12,0,0,3120,49,12,12.788,10,7,7.5,3,40800
0,30,17,0,0,2240,30,16,7.1429,12,12,11,10,16050
0,38,12,0,0,1980,42,16,15.152,10,7,11,2,33100
0,54,14,0,0,1960,58,14,7.9082,12,12,9.5,10,33856
0,30,12,0,3,2940,31,17,6.9728,12,12,7.5,4,20500
0,55,12,0,0,2467,56,11,4.9181,7,7,5,0,28600
0,51,10,0,0,2256,56,12,8.3112,10,10,11,10,18750
0,44,12,0,0,1680,46,12,7.1429,7,7,9.5,5,20300
0,53,12,0,0,2250,55,12,5.6889,7,7,5,0,13420
0,42,10,0,0,2400,49,9,7.0833,3,3,5,0,18400
0,38,12,0,0,2196,42,11,5.6922,10,7,7.5,19,16682
0,38,13,0,0,2400,40,12,11.4,7,7,7.5,2,32685
0,41,12,0,0,3825,41,11,1.4152,3,3,9.5,12,7050
0,35,8,0,0,2860,44,9,2.7507,12,7,9.5,5,10867
0,33,12,0,2.75,2750,34,12,6.6182,12,12,9.5,5,18220
0,48,13,0,0,2103,50,16,9.2725,7,7,7.5,5,26613
0,47,12,0,0,1880,51,12,12.287,12,10,7.5,10,25000
0,34,12,0,0,3185,41,13,2.8549,7,7,7.5,0,15700
0,33,13,0,0,2677,37,17,7.9709,12,10,5,4,40250
0,31,13,0,0,3600,36,17,19.444,12,16,11,3,73600
0,58,8,0,0,4334,58,8,1.4806,12,7,7.5,2,10592
0,49,12,0,0,2874,52,8,1.8918,7,7,3,1,8000
0,55,8,0,0,1936,56,9,6.9215,7,3,7.5,0,13400
0,44,14,0,1.5,1964,49,8,10.692,12,12,14,1,23700
0,44,9,0,0,1900,48,8,9.9474,7,7,11,1,18900
0,36,16,0,0,2500,37,17,19,7,12,9.5,6,48300
0,38,12,0,0,3173,46,14,7.4882,14,14,9.5,12,24470
0,37,16,0,0,2916,38,17,9.259,16,7,7.5,6,28630
0,47,12,0,0,2208,51,12,11.322,12,7,5,9,25320
0,47,12,0,0,2094,47,10,6.447,12,10,7.5,14,13530
0,32,12,0,0,2250,33,12,6.5778,7,7,9,13,14800
0,43,12,0,0,2000,46,12,6.1,12,7,7.5,8,17400
0,42,11,0,0,2600,48,10,4.2308,10,10,3,0,15980
0,56,12,0,0,4368,57,8,2.217,7,7,7.5,1,16576
0,38,13,0,2.25,3068,40,16,6.5189,12,7,11,3,21850
0,52,12,0,0,2218,51,11,6.4923,7,7,14,13,14600
0,50,12,0,0,1848,56,12,11.364,12,12,7.5,3,21600
0,33,16,0,0,2430,33,17,9.8765,12,12,7.5,8,24000
0,44,16,0,0,2640,44,17,7.6576,7,7,7.5,8,20883
0,41,12,0,0,2108,42,16,8.3017,7,7,14,18,19500
0,45,12,0,0,1998,45,12,14.114,14,12,11,2,42800
0,53,14,0,0,2500,55,16,16,7,7,7.5,3,41500
0,53,14,0,0,1665,56,17,11.291,12,12,14,5,18965
0,42,12,0,0,2990,46,12,2.3395,12,10,9.5,2,16100
0,32,13,0,0,1795,35,16,7.7994,12,17,7.5,10,14700
0,56,12,0,0,2500,53,12,6,7,7,7.5,30,18800
0,37,11,0,0,2205,40,11,6.6893,10,7,11,1,14750
0,40,12,0,0,2460,42,14,8.5366,12,7,14,5,21000
0,54,15,0,0,1880,55,16,13.83,0,7,7.5,8,35400
0,53,7,0,0,3481,53,9,1.48,7,7,7.5,0,10700
0,48,12,0,0,2450,51,12,8.5714,7,7,9.5,4,24500
0,36,12,0,0,2062,38,14,8.2299,7,7,9.5,2,17045
0,57,12,0,0,2146,52,14,8.3877,7,7,7.5,30,18800
0,51,12,0,0,1575,49,7,7.3651,10,7,14,25,14000
0,33,13,0,0,3096,37,12,3.4415,7,0,3,3,18214
0,52,12,0,0,3280,49,11,3.3537,7,7,7.5,20,20177
0,56,10,0,0,1680,60,8,2.9762,0,7,7.5,20,8300
0,36,12,0,0,2625,38,11,5.181,14,9,7.5,0,14200
0,36,14,0,0,1846,50,16,10.293,12,12,7.5,15,21768
0,46,12,0,0,2178,47,10,13.243,10,7,14,10,29553
0,31,10,0,0,960,33,9,3.6458,7,7,7.5,4,4350
0,52,11,0,0,2210,51,12,10.407,7,7,11,3,24000
0,46,12,0,0,2192,55,12,8.2117,7,7,7.5,10,18300
0,35,12,0,0,1960,44,16,8.6735,7,3,7.5,9,17200
0,59,12,0,0,1920,56,10,8.3208,7,7,14,7,16476
0,36,8,0,0,2286,40,12,4.287,0,0,14,12,13400
0,51,7,0,0,2000,52,7,10.5,3,3,14,0,44988
0,31,16,0,0,2256,31,12,7.9787,12,12,9,16,18200
0,31,14,0,0,2370,36,17,11.814,12,12,14,4,28000
0,32,12,0,0,1800,39,13,6.1111,12,12,7.5,7,11550
0,35,16,0,0,2250,38,16,12.578,12,7,14,7,28450
0,40,12,0,4.1,1080,43,12,11.244,7,10,7.5,14,15096
0,33,10,0,0,2840,38,12,2.7408,7,7,14,2,8009
0,54,7,0,0,2250,52,11,4.4444,0,0,3,20,10040
0,36,12,0,0,2746,37,12,5.8267,12,12,7.5,5,16700
0,50,10,0,0,2300,60,8,2.3478,12,7,3,10,8400
0,54,8,0,0,2860,49,8,4.4755,0,0,3,20,13000
0,48,11,0,0,1765,49,12,8.4986,7,7,7.5,10,17970
0,41,15,0,0,2520,42,16,7.1825,14,17,5,8,18450
0,50,12,0,0,2208,53,12,10.87,12,7,14,11,31000
0,46,12,0,0,2119,51,8,7.1222,10,7,7.5,3,24135
0,42,13,0,0,2580,47,17,10.6592,12,12,7.5,6,31700
0,31,9,0,0,1984,34,12,3.2762,3,3,14,4,10190
0,53,12,0,0,1880,58,8,7.7521,10,10,14,4,21574
0,51,12,0,0,2185,57,12,11.945,3,3,7.5,9,26680
0,47,12,0,0,2080,57,12,4.6154,7,9,11,10,17700
0,50,12,0,0,1920,50,12,13.021,12,12,14,3,29400
0,37,6,0,0,3000,52,5,2.6667,7,7,7.5,2,22159
0,30,12,0,0,2100,31,12,8.8333,12,12,11,2,35000
0,49,12,0,0,1690,39,12,2.3669,16,16,5,0,8630
0,52,12,0,0,2600,49,16,5,7,0,14,8,17080
0,47,12,0,0,1984,49,16,7.4597,10,7,14,6,32500
0,49,12,0,0,2064,53,12,7.7519,7,7,11,15,16000
0,44,12,0,0,2553,31,16,5.4054,12,10,14,15,18850
0,53,8,0,0,2776,59,9,6.1239,9,9,9.5,9,17500
0,30,12,0,0,2315,31,13,8.3369,7,12,14,8,19392
0,54,12,0,0,1880,55,12,7.1277,7,10,7.5,18,14450
0,47,7,0,0,2160,51,7,6.1204,0,0,7.5,3,21800
0,56,15,0,0,900,56,12,3.1111,7,7,14,10,7700
0,49,12,0,0,2467,52,16,12.161,7,7,11,6,31800
0,48,6,0,0,1820,55,12,5.3846,7,7,9.5,20,17258
0,49,12,0,0,2223,53,10,3.9838,10,12,9.5,8,13399
0,56,12,0,0,2142,60,12,7.4697,12,16,11,3,16073
0,46,12,0,0,1928,46,11,11.411,7,7,7.5,4,23260
0,45,12,0,0,2783,49,17,12.936,12,12,14,13,37300
0,32,12,0,0,1960,35,12,5.6122,12,7,11,4,11000
0,43,12,0,2.7,1920,41,12,6.8099,7,7,14,17,13075
0,34,12,0,0,1587,39,12,8.5066,7,7,9.5,4,13700
0,30,12,0,0,2496,51,10,5.508,7,10,5,0,25100
0,38,17,0,4.8,2280,39,12,7.2285,12,16,5,15,18600
0,33,16,0,0,2750,36,17,9.4545,16,16,9.5,11,29000
0,52,12,0,0,2115,55,12,8.9835,7,7,9.5,23,19237
0,43,11,0,0,2590,45,12,5.9846,12,14,7.5,1,19855
0,33,12,0,0,2372,34,12,3.9629,12,7,9.5,5,9450
0,45,10,0,0,2295,48,12,7.0575,7,7,7.5,1,30000
0,36,10,0,0,2096,38,12,7.1565,10,10,14,5,15000
0,34,12,0,0,3315,39,17,4.0145,12,12,9.5,3,24701
0,37,14,0,0,1777,50,16,3.8829,10,14,11,3,15900
0,46,10,0,0,1880,51,12,7.9787,7,7,11,19,16240
0,47,12,0,0,2184,55,10,5.0366,12,12,9.5,20,21100
0,31,16,0,0,3250,32,16,7.0769,12,12,7.5,5,23000
0,57,5,0,0,1520,58,5,3.6184,7,7,14,0,6340
0,30,12,0,0,3119,30,13,13.466,10,10,5,3,42250
0,30,12,0,0,640,43,17,14.531,12,10,11,3,14694
0,44,12,0,0,2250,45,12,6.8,12,12,9.5,7,21417
0,53,13,0,0,3000,53,13,6.6667,7,12,7.5,7,20200
0,51,8,0,0,2028,54,8,5.9172,7,7,9.5,1,12090
0,39,12,0,0,2412,36,14,10.24,12,7,5,13,24760
0,52,8,0,0,2452,54,12,8.1566,7,3,3,0,23000
0,46,8,0,0,2304,50,12,6.6775,3,3,11,0,19365
0,47,12,0,0,3120,49,12,0.9615,7,7,3,12,5550
0,52,8,0,0,1670,54,8,16.907,7,3,7.5,0,68035
0,45,12,0,0,2137,46,15,13.57,10,14,7.5,5,29300
0,60,11,0,0,2071,52,11,8.9329,7,7,7.5,45,18500
0,41,13,0,0,1960,54,7,4.7372,17,7,11,10,22582
0,39,8,0,0,2068,45,12,8.5106,7,7,7.5,2,21500
0,49,12,0,0,2190,51,12,5.2511,7,7,7.5,3,28070
0,32,15,0,0,2295,37,13,21.786,12,12,14,1,50300
0,33,12,0,0,2970,34,13,7.9125,12,12,14,5,23500
0,36,10,0,0,2068,37,8,7.1083,7,9,14,10,15500
0,37,13,0,0,2419,39,14,5.0434,7,0,5,4,13440
0,30,12,0,0,2150,34,11,2.2442,12,12,11,7,8100
0,44,11,0,0,1152,37,10,8.5069,7,12,9.5,9,9800
0,48,12,0,0,2640,49,12,7.5758,7,12,5,5,20300
0,40,11,0,0,2550,45,11,5.8824,7,7,14,4,15000
0,47,13,0,0,1360,49,16,40.441,9,9,5,11,56100
0,36,12,0,0,2420,40,12,6.2339,12,7,5,9,22846
0,40,11,0,0,2205,42,14,9.2971,7,12,5,4,22225
0,46,12,0,0,3268,46,12,0.7038,12,7,7.5,2,17635
0,52,12,0,0,3672,54,12,2.5425,3,12,7.5,23,18500
0,44,12,0,0,1800,45,12,5.0833,12,12,11,3,13390
0,45,10,0,0,1926,46,14,7.6843,7,7,7.5,15,15150
0,30,7,0,0,1920,35,7,4.0625,7,3,7.5,8,16200
0,40,12,0,0,2080,44,12,6.5106,12,12,14,3,33920
0,43,12,0,0,2856,43,12,2.951,7,12,7.5,25,14000
0,49,12,0,0,2115,53,10,5.6738,12,3,11,2,16736
0,46,12,0,3.45,1880,48,12,12.766,12,12,11,0,30650
0,52,11,0,0,2000,52,12,6,7,7,11,19,12400
0,31,12,0,0,2044,33,15,9.2955,7,10,9.5,3,19022
0,42,10,0,0,1677,47,11,5.1324,7,7,5,7,11203
0,33,11,0,0,2184,38,8,9.0659,7,14,7.5,1,19876
0,57,16,0,0,3185,57,13,11.931,7,12,14,9,57000
0,49,10,0,0,2680,51,10,6.7164,10,10,11,3,18290
0,45,14,0,0,3615,47,14,4.5851,14,12,11,8,20220
0,56,11,0,0,2139,56,12,9.2567,7,7,14,0,22150
0,41,12,0,0,3080,43,12,8.5656,10,10,7.5,5,30623
0,56,5,0,0,1261,53,6,6.7407,3,3,14,20,9380
0,48,10,0,0,2227,48,10,9.8788,7,7,5,3,22000
0,52,16,0,0,1920,53,16,9.375,12,10,7.5,12,23675
0,51,12,0,0,2350,55,12,6.277,7,7,14,5,33671
0,35,11,0,0,1785,39,10,6.4241,7,7,7.5,1,12367
0,45,12,0,0,2598,51,12,8.3718,7,7,5,0,21950
0,54,12,0,0,2455,58,17,12.22,7,7,9.5,7,32000
0,54,12,0,0,2450,54,13,3.5612,10,10,9.5,13,22610
0,31,12,0,0,1218,32,8,8.867,7,7,3,3,12092
0,53,6,0,0,2040,54,4,1.8515,7,7,11,0,3777
0,35,14,0,0,2600,34,14,8.0769,16,14,3,2,36000
0,36,12,0,0,2450,40,16,8.9796,12,16,7.5,0,26900
0,59,12,0,0,2717,60,12,6.6618,7,7,11,2,32242
0,54,16,0,0,2701,54,17,11.107,16,17,5,1,35020
0,37,12,0,0,2600,47,17,14.077,7,7,9,10,37600
0,44,12,0,0,3640,54,10,0.4121,7,7,7.5,10,1500
0,34,17,0,0,2940,40,16,23.81,12,12,5,1,96000
0,49,12,0,0,1880,50,12,9.5745,7,7,11,3,18150
0,49,12,0,0,3500,51,12,1.9286,7,7,3,32,15500
0,60,9,0,0,3320,60,8,2.5783,7,7,3,0,14000
0,51,12,0,0,1605,55,12,7.2274,7,7,7.5,7,14756
0,30,12,0,0,2500,30,14,8.8,12,10,5,5,22000
0,47,12,0,0,2400,49,9,7.75,7,7,11,2,24466
0,36,12,0,0,1634,45,17,14.688,12,12,7.5,5,24400
0,35,12,0,0,2260,38,12,10.487,7,7,9.5,3,24000
0,58,12,0,0,3478,53,12,4.0253,12,9,11,25,15500
0,41,14,0,0,2550,42,16,11.765,14,12,7.5,0,30800
0,51,10,0,0,840,52,8,9.5238,7,7,14,3,10660
0,47,12,0,0,1520,52,12,6.9079,7,7,11,10,13350
0,45,9,0,0,1920,35,9,5.151,12,3,11,10,10090
0,60,14,0,0,2703,55,17,20.496,16,14,14,7,55600
0,30,16,0,2,1896,46,16,13.555,12,12,9.5,5,25700
0,55,11,0,0,1960,57,13,14.796,7,3,5,15,29000
0,32,12,0,0,3060,50,8,1.6905,10,7,3,1,7286
0,36,12,0,0,2805,38,12,7.2296,7,7,3,5,37752
0,55,12,0,0,1944,53,7,4.1152,3,3,14,9,13072
0,47,12,0,0,1960,47,12,2.999,3,3,14,18,7044
0,47,12,0,0,2112,52,8,8.0492,7,7,14,1,18200
0,37,11,0,0,2544,39,12,8.577,12,7,3,0,27000
0,50,12,0,0,1700,53,17,9.3235,10,12,3,6,30300
0,30,12,0,0,2550,31,12,4.7059,3,7,14,1,12000
0,48,17,0,0,2080,45,17,9.1346,16,17,3,2,31500
0,43,10,0,0,2060,49,12,7.767,10,10,5,15,27092
0,48,11,0,0,1955,46,8,4.1269,7,7,3,25,20968
0,41,14,0,0,2500,44,17,10,17,7,14,1,27000
0,50,12,0,0,2750,52,10,4.0727,7,10,7.5,0,11225
0,58,8,0,0,2040,59,5,7.8529,3,3,7.5,0,37700
0,38,13,0,0,3275,43,15,7.8168,12,16,7.5,0,28200
0,37,12,0,0,2400,39,12,9.1667,7,12,5,8,34000
0,50,16,0,0,2024,51,17,29.644,12,7,9.5,22,63200
0,42,8,0,0,1840,44,6,4.0761,3,3,7.5,5,7500
0,37,9,0,0,2033,37,17,8.362,10,10,9.5,10,17410
0,41,16,0,0,1946,40,17,12.062,16,17,9,1,51000
0,31,12,0,0,3660,31,12,2.3251,10,7,3,1,12916
0,51,12,0,0,2088,55,11,10.01,7,7,5,6,21900
0,36,12,0,0,2048,41,12,5.2734,7,7,5,4,17640
0,54,15,0,0,1920,52,15,10.417,14,16,14,6,20000
0,49,12,0,0,2000,54,12,7.5,7,7,14,0,15000
0,48,9,0,0,2204,47,8,6.3521,10,12,5,1,14060
0,42,9,0,0,3157,45,10,3.8071,7,14,9.5,3,15825
0,41,12,0,0,1665,44,14,9.9099,3,16,9.5,15,16510
0,55,16,0,0,2304,56,11,2.6701,12,12,7.5,33,13000
0,42,9,0,0,2275,46,8,4.3956,7,7,5,2,10000
0,32,15,0,0,2760,33,17,7.971,12,12,7.5,1,22000
0,43,12,0,0,1750,44,14,15.429,7,7,7.5,10,29800
0,33,12,0,0,3366,37,13,1.9854,7,7,5,0,15000
0,48,15,0,0,2205,51,16,7.2562,10,14,9.5,14,22300
0,43,12,0,0,1990,48,9,7.0352,3,16,7.5,15,14550
0,47,17,0,0,1930,57,16,8.1347,14,12,7.5,15,19730
0,54,12,0,0,1350,60,12,11.981,12,12,7.5,10,35000
0,51,12,0,0,3340,52,12,5.9922,7,3,7.5,6,21014
0,51,10,0,0,960,57,10,4.1458,14,7,7.5,18,10876
0,43,13,0,0,2732,42,13,8.5102,12,10,7.5,15,27850
0,53,12,0,0,1624,59,8,2.9631,0,3,3,30,9560
0,34,11,0,0,1804,36,12,8.8149,7,7,7.5,15,30300
0,31,8,0,0,2805,31,10,2.4955,7,7,7.5,10,7720
0,56,12,0,0,2160,59,8,4.8843,10,7,7.5,0,10550
0,42,16,0,0,2052,55,15,10.2,12,7,9.5,0,24106
0,32,12,0,0,2250,35,16,10,12,14,9.5,4,22995
0,35,12,0,0,1120,37,12,5.3571,12,12,9.5,0,6000
0,30,12,0,0,2450,36,14,9.7959,14,14,9.5,3,24350
0,51,10,0,0,3432,50,11,1.3741,7,7,7.5,20,7608
0,47,12,0,0,2700,48,12,3.463,7,7,3,3,28200
0,54,12,0,0,2817,55,13,5.0408,3,7,3,1,16150
0,31,15,0,0,3000,34,17,16.667,7,10,7.5,5,51200
0,47,10,0,0,2125,45,11,4.3294,7,7,5,7,12646
0,47,14,0,0,1864,42,16,10.193,7,7,11,6,19000
0,40,12,0,0,2400,39,12,7.5833,7,7,7.5,2,19000
0,48,8,0,0,2160,50,7,4.1204,3,3,7.5,0,14400
0,34,8,0,0,1040,51,7,4.8077,3,7,11,10,7232
0,38,12,0,0,2450,42,16,3.1531,7,10,9.5,6,21943
0,32,12,0,0,2500,34,16,19,7,10,7.5,4,47500
0,48,16,0,0,2131,45,17,6.0535,12,7,7.5,8,28900
0,41,12,0,0,2165,46,7,3.7875,7,7,7.5,18,12400
0,49,5,0,0,2230,43,3,2.9287,0,0,7.5,7,6531
0,59,8,0,0,1995,55,12,9.2972,3,7,11,15,22422
0,58,13,0,0,2025,57,16,9.3827,7,7,11,7,22200
0,41,12,0,0,2450,48,15,26.531,7,14,14,8,77000
0,45,12,0,0,2160,45,12,40.509,10,10,14,8,88000
0,30,14,0,0,1715,32,17,15.16,12,10,11,3,26040
0,41,12,0,0,3018,42,16,18.964,7,7,7.5,10,63500
0,30,12,0,0,2216,33,16,5.4152,10,10,7.5,9,12100
0,53,12,0,0,2499,54,12,1.9988,12,7,7.5,24,17505
0,31,12,0,0,2250,37,14,8,10,7,7.5,12,18000
0,43,14,0,0,2116,44,17,11.153,12,12,11,2,28069
0,31,12,0,0,2016,30,14,5.9524,12,14,14,6,14000
0,51,12,0,0,2470,60,10,2.1194,10,3,7.5,18,8117
0,43,9,0,0,1640,45,12,3.8384,7,7,5,17,11895
0,31,14,0,0,2016,34,16,17.361,16,16,5,7,45250
0,48,11,0,0,2185,48,12,8.0092,7,10,9.5,6,31106
0,31,12,0,0,800,33,14,3,12,7,9.5,10,4000
0,44,12,0,0,3022,46,12,10.589,7,7,7.5,5,40500
0,48,11,0,0,1512,50,14,10.913,10,7,7.5,7,21620
0,53,12,0,0,2677,53,12,5.6033,0,0,7.5,11,23426
0,42,10,0,2.75,3150,44,12,7.9365,3,3,11,14,26000
0,39,12,0,0,1430,34,12,2.9476,7,0,9.5,5,7840
0,32,10,0,0,3307,36,4,2.0562,7,3,7.5,2,6800
0,36,12,0,0,3120,39,12,1.3013,7,12,14,4,5330
0,40,13,0,0,3020,43,16,9.2715,10,10,9.5,5,28200
0,31,12,0,0,2056,33,12,4.8638,12,12,7.5,14,10000
0,43,12,0,0,2383,43,12,1.0898,10,3,7.5,4,9952
0,60,12,0,0,1705,55,8,12.44,12,12,14,15,24984
0,39,9,0,0,3120,48,12,6.0897,7,7,11,12,28363
